{"nm":"Final Loading","ddd":0,"h":600,"w":600,"meta":{"g":"@lottiefiles/toolkit-js 0.33.2"},"layers":[{"ty":0,"nm":"Loading scale+opacity+sequane layer","sr":1,"st":132.132132132132,"op":220.22022022022,"ip":132.132132132132,"hd":false,"ddd":0,"bm":0,"hasMask":false,"ao":0,"ks":{"a":{"a":0,"k":[300,300,0],"ix":1},"s":{"a":0,"k":[100,100,100],"ix":6},"sk":{"a":0,"k":0},"p":{"a":0,"k":[300,300,0],"ix":2},"r":{"a":0,"k":0,"ix":10},"sa":{"a":0,"k":0},"o":{"a":0,"k":100,"ix":11}},"ef":[],"w":600,"h":600,"refId":"comp_0","ind":1},{"ty":0,"nm":"Loading scale+opacity+sequane layer","sr":1,"st":66.0660660660661,"op":154.154154154154,"ip":66.0660660660661,"hd":false,"ddd":0,"bm":0,"hasMask":false,"ao":0,"ks":{"a":{"a":0,"k":[300,300,0],"ix":1},"s":{"a":0,"k":[100,100,100],"ix":6},"sk":{"a":0,"k":0},"p":{"a":0,"k":[300,300,0],"ix":2},"r":{"a":0,"k":0,"ix":10},"sa":{"a":0,"k":0},"o":{"a":0,"k":100,"ix":11}},"ef":[],"w":600,"h":600,"refId":"comp_0","ind":2},{"ty":0,"nm":"Loading scale+opacity+sequane layer","sr":1,"st":0,"op":88.0880880880881,"ip":0,"hd":false,"ddd":0,"bm":0,"hasMask":false,"ao":0,"ks":{"a":{"a":0,"k":[300,300,0],"ix":1},"s":{"a":0,"k":[100,100,100],"ix":6},"sk":{"a":0,"k":0},"p":{"a":0,"k":[300,300,0],"ix":2},"r":{"a":0,"k":0,"ix":10},"sa":{"a":0,"k":0},"o":{"a":0,"k":100,"ix":11}},"ef":[],"w":600,"h":600,"refId":"comp_0","ind":3}],"v":"5.7.4","fr":60,"op":134,"ip":66,"assets":[{"nm":"","id":"comp_0","layers":[{"ty":0,"nm":"Opacity Loading","sr":1,"st":56.0560560560561,"op":96.0960960960961,"ip":56.0560560560561,"hd":false,"ddd":0,"bm":0,"hasMask":false,"ao":0,"ks":{"a":{"a":0,"k":[300,300,0],"ix":1},"s":{"a":0,"k":[100,100,100],"ix":6},"sk":{"a":0,"k":0},"p":{"a":0,"k":[300,300,0],"ix":2},"r":{"a":0,"k":315,"ix":10},"sa":{"a":0,"k":0},"o":{"a":0,"k":100,"ix":11}},"ef":[],"w":600,"h":600,"refId":"comp_1","ind":1},{"ty":0,"nm":"Opacity Loading","sr":1,"st":48.0480480480481,"op":88.0880880880881,"ip":48.0480480480481,"hd":false,"ddd":0,"bm":0,"hasMask":false,"ao":0,"ks":{"a":{"a":0,"k":[300,300,0],"ix":1},"s":{"a":0,"k":[100,100,100],"ix":6},"sk":{"a":0,"k":0},"p":{"a":0,"k":[300,300,0],"ix":2},"r":{"a":0,"k":270,"ix":10},"sa":{"a":0,"k":0},"o":{"a":0,"k":100,"ix":11}},"ef":[],"w":600,"h":600,"refId":"comp_1","ind":2},{"ty":0,"nm":"Opacity Loading","sr":1,"st":40.04004004004,"op":80.0800800800801,"ip":40.04004004004,"hd":false,"ddd":0,"bm":0,"hasMask":false,"ao":0,"ks":{"a":{"a":0,"k":[300,300,0],"ix":1},"s":{"a":0,"k":[100,100,100],"ix":6},"sk":{"a":0,"k":0},"p":{"a":0,"k":[300,300,0],"ix":2},"r":{"a":0,"k":225,"ix":10},"sa":{"a":0,"k":0},"o":{"a":0,"k":100,"ix":11}},"ef":[],"w":600,"h":600,"refId":"comp_1","ind":3},{"ty":0,"nm":"Opacity Loading","sr":1,"st":32.032032032032,"op":72.0720720720721,"ip":32.032032032032,"hd":false,"ddd":0,"bm":0,"hasMask":false,"ao":0,"ks":{"a":{"a":0,"k":[300,300,0],"ix":1},"s":{"a":0,"k":[100,100,100],"ix":6},"sk":{"a":0,"k":0},"p":{"a":0,"k":[300,300,0],"ix":2},"r":{"a":0,"k":180,"ix":10},"sa":{"a":0,"k":0},"o":{"a":0,"k":100,"ix":11}},"ef":[],"w":600,"h":600,"refId":"comp_1","ind":4},{"ty":0,"nm":"Opacity Loading","sr":1,"st":24.024024024024,"op":64.0640640640641,"ip":24.024024024024,"hd":false,"ddd":0,"bm":0,"hasMask":false,"ao":0,"ks":{"a":{"a":0,"k":[300,300,0],"ix":1},"s":{"a":0,"k":[100,100,100],"ix":6},"sk":{"a":0,"k":0},"p":{"a":0,"k":[300,300,0],"ix":2},"r":{"a":0,"k":135,"ix":10},"sa":{"a":0,"k":0},"o":{"a":0,"k":100,"ix":11}},"ef":[],"w":600,"h":600,"refId":"comp_1","ind":5},{"ty":0,"nm":"Opacity Loading","sr":1,"st":16.016016016016,"op":56.0560560560561,"ip":16.016016016016,"hd":false,"ddd":0,"bm":0,"hasMask":false,"ao":0,"ks":{"a":{"a":0,"k":[300,300,0],"ix":1},"s":{"a":0,"k":[100,100,100],"ix":6},"sk":{"a":0,"k":0},"p":{"a":0,"k":[300,300,0],"ix":2},"r":{"a":0,"k":90,"ix":10},"sa":{"a":0,"k":0},"o":{"a":0,"k":100,"ix":11}},"ef":[],"w":600,"h":600,"refId":"comp_1","ind":6},{"ty":0,"nm":"Opacity Loading","sr":1,"st":8.00800800800801,"op":48.048048048048,"ip":8.00800800800801,"hd":false,"ddd":0,"bm":0,"hasMask":false,"ao":0,"ks":{"a":{"a":0,"k":[300,300,0],"ix":1},"s":{"a":0,"k":[100,100,100],"ix":6},"sk":{"a":0,"k":0},"p":{"a":0,"k":[300,300,0],"ix":2},"r":{"a":0,"k":45,"ix":10},"sa":{"a":0,"k":0},"o":{"a":0,"k":100,"ix":11}},"ef":[],"w":600,"h":600,"refId":"comp_1","ind":7},{"ty":0,"nm":"Opacity Loading","sr":1,"st":0,"op":40.04004004004,"ip":0,"hd":false,"ddd":0,"bm":0,"hasMask":false,"ao":0,"ks":{"a":{"a":0,"k":[300,300,0],"ix":1},"s":{"a":0,"k":[100,100,100],"ix":6},"sk":{"a":0,"k":0},"p":{"a":0,"k":[300,300,0],"ix":2},"r":{"a":0,"k":0,"ix":10},"sa":{"a":0,"k":0},"o":{"a":0,"k":100,"ix":11}},"ef":[],"w":600,"h":600,"refId":"comp_1","ind":8}]},{"nm":"","id":"comp_1","layers":[{"ty":0,"nm":"Scale Loading","sr":1,"st":0,"op":30.03003003003,"ip":0,"hd":false,"ddd":0,"bm":0,"hasMask":false,"ao":0,"ks":{"a":{"a":0,"k":[300,300,0],"ix":1},"s":{"a":0,"k":[100,100,100],"ix":6},"sk":{"a":0,"k":0},"p":{"a":0,"k":[300,300,0],"ix":2},"r":{"a":0,"k":0,"ix":10},"sa":{"a":0,"k":0},"o":{"a":1,"k":[{"o":{"x":0.578,"y":0},"i":{"x":0.667,"y":1},"s":[50],"t":0},{"o":{"x":1,"y":0},"i":{"x":0.667,"y":1},"s":[100],"t":12.012},{"o":{"x":0.333,"y":0},"i":{"x":0.476,"y":1},"s":[100],"t":16.016},{"s":[50],"t":28.02734375}],"ix":11}},"ef":[],"w":600,"h":600,"refId":"comp_2","ind":1}]},{"nm":"","id":"comp_2","layers":[{"ty":4,"nm":"round 1","sr":1,"st":0,"op":1801.8018018018,"ip":0,"hd":false,"ddd":0,"bm":0,"hasMask":false,"ao":0,"ks":{"a":{"a":0,"k":[0,-4,0],"ix":1},"s":{"a":1,"k":[{"o":{"x":0.578,"y":0},"i":{"x":0.667,"y":1},"s":[150,150,100],"t":0},{"o":{"x":0.167,"y":0.167},"i":{"x":0.833,"y":0.833},"s":[201,201,100],"t":12.012},{"o":{"x":0.333,"y":0},"i":{"x":0.476,"y":1},"s":[201,201,100],"t":16.016},{"s":[150,150,100],"t":28.02734375}],"ix":6},"sk":{"a":0,"k":0},"p":{"a":0,"k":[300,76,0],"ix":2},"r":{"a":0,"k":0,"ix":10},"sa":{"a":0,"k":0},"o":{"a":0,"k":100,"ix":11}},"ef":[],"shapes":[{"ty":"gr","bm":0,"hd":false,"mn":"ADBE Vector Group","nm":"Ellipse 1","ix":1,"cix":2,"np":3,"it":[{"ty":"el","bm":0,"hd":false,"mn":"ADBE Vector Shape - Ellipse","nm":"Ellipse Path 1","d":1,"p":{"a":0,"k":[0,0],"ix":3},"s":{"a":0,"k":[56,56],"ix":2}},{"ty":"fl","bm":0,"hd":false,"mn":"ADBE Vector Graphic - Fill","nm":"Fill 1","c":{"a":0,"k":[1,1,1],"ix":4},"r":1,"o":{"a":0,"k":100,"ix":5}},{"ty":"tr","a":{"a":0,"k":[0,0],"ix":1},"s":{"a":0,"k":[100,100],"ix":3},"sk":{"a":0,"k":0,"ix":4},"p":{"a":0,"k":[0,-4],"ix":2},"r":{"a":0,"k":0,"ix":6},"sa":{"a":0,"k":0,"ix":5},"o":{"a":0,"k":100,"ix":7}}]}],"ind":1}]}]}